subject,mean_accuracy_baseline,std_accuracy_baseline,mean_accuracy_eegnet,std_accuracy_eegnet,min_fold_accuracy,max_fold_accuracy,diff,meaningful_win
1,0.703448275862069,0.0575975623741036,0.7326388888888888,0.07158169488919548,0.5833333333333334,0.7916666666666666,0.0291906130268198,False
2,0.5396551724137931,0.078651687779014,0.46527777777777785,0.035409857733283236,0.4166666666666667,0.5208333333333334,-0.07437739463601528,True
3,0.6758620689655173,0.0560278510664549,0.6840277777777777,0.09034452660595618,0.5416666666666666,0.8333333333333334,0.00816570881226042,False
4,0.4448275862068966,0.077028647943754,0.4618055555555555,0.027993950514925516,0.4166666666666667,0.5,0.016977969348658917,False
5,0.346551724137931,0.0558418439334539,0.4201388888888889,0.05300117195303384,0.3541666666666667,0.5,0.07358716475095789,True
6,0.3844827586206897,0.0422677609383836,0.44097222222222227,0.07551584434351233,0.375,0.5833333333333334,0.056489463601532564,False
7,0.6482758620689655,0.0787083600725057,0.40625,0.037557825786083215,0.3541666666666667,0.4375,-0.24202586206896548,True
8,0.6689655172413793,0.0343099116243662,0.7465277777777778,0.10164778589100311,0.625,0.9375,0.07756226053639848,False
9,0.6258620689655172,0.0385914298027575,0.8194444444444445,0.09445465631066279,0.7083333333333334,0.9375,0.19358237547892732,True
